{"cameraMode":{"drawMode":0,"name":"Shaded","section":"Shading Mode"},"sceneLighting":true,"audioPlay":false,"sceneViewState":{"showFog":true,"showMaterialUpdate":false,"showSkybox":true,"showFlares":true,"showImageEffects":true,"showParticleSystems":true},"in2DMode":false,"pivot":{"x":2.4200782775878908,"y":-0.6848640441894531,"z":-13.72207260131836},"rotation":{"x":0.1223730817437172,"y":-0.8048781752586365,"z":0.17811176180839539,"w":0.5527530312538147},"size":33.87588882446289,"orthographic":false}