{"cameraMode":{"drawMode":0,"name":"Shaded","section":"Shading Mode"},"sceneLighting":true,"audioPlay":false,"sceneViewState":{"showFog":true,"showMaterialUpdate":false,"showSkybox":true,"showFlares":true,"showImageEffects":true,"showParticleSystems":true},"in2DMode":false,"pivot":{"x":2.0621514320373537,"y":-0.8011281490325928,"z":-1.8308261632919312},"rotation":{"x":-0.19115003943443299,"y":0.7817427515983582,"z":-0.2878507077693939,"w":-0.5191279053688049},"size":7.368743419647217,"orthographic":false}