{"cameraMode":{"drawMode":0,"name":"Shaded","section":"Shading Mode"},"sceneLighting":false,"audioPlay":false,"sceneViewState":{"showFog":true,"showMaterialUpdate":false,"showSkybox":false,"showFlares":true,"showImageEffects":true,"showParticleSystems":true},"in2DMode":false,"pivot":{"x":5.315124988555908,"y":13.45622730255127,"z":22.984195709228517},"rotation":{"x":0.14723527431488038,"y":-0.6739183664321899,"z":0.13960649073123933,"w":0.7104484438896179},"size":0.71246737241745,"orthographic":false}