{"cameraMode":{"drawMode":0,"name":"Shaded","section":"Shading Mode"},"sceneLighting":true,"audioPlay":false,"sceneViewState":{"showFog":true,"showMaterialUpdate":false,"showSkybox":true,"showFlares":true,"showImageEffects":true,"showParticleSystems":true},"in2DMode":false,"pivot":{"x":1.1946358680725098,"y":-0.4428446292877197,"z":-0.5565794706344605},"rotation":{"x":-0.19115003943443299,"y":0.7817427515983582,"z":-0.2878507077693939,"w":-0.5191279053688049},"size":3.3024303913116457,"orthographic":false}