{"cameraMode":{"drawMode":0,"name":"Shaded","section":"Shading Mode"},"sceneLighting":true,"audioPlay":false,"sceneViewState":{"showFog":true,"showMaterialUpdate":false,"showSkybox":true,"showFlares":true,"showImageEffects":true,"showParticleSystems":true},"in2DMode":false,"pivot":{"x":-34.383968353271487,"y":-11.318778991699219,"z":7.7043538093566898},"rotation":{"x":0.1350458711385727,"y":-0.6334125995635986,"z":0.11347822844982147,"w":0.7535244226455689},"size":24.056095123291017,"orthographic":false}