{"cameraMode":{"drawMode":0,"name":"Shaded","section":"Shading Mode"},"sceneLighting":true,"audioPlay":false,"sceneViewState":{"showFog":true,"showMaterialUpdate":false,"showSkybox":true,"showFlares":true,"showImageEffects":true,"showParticleSystems":true},"in2DMode":false,"pivot":{"x":3.8605751991271974,"y":4.337601661682129,"z":0.15020179748535157},"rotation":{"x":0.12751200795173646,"y":-0.1482052356004715,"z":0.01922300085425377,"w":0.9805353879928589},"size":9.319192886352539,"orthographic":false}