{"cameraMode":{"drawMode":0,"name":"Shaded","section":"Shading Mode"},"sceneLighting":false,"audioPlay":false,"sceneViewState":{"showFog":true,"showMaterialUpdate":false,"showSkybox":false,"showFlares":true,"showImageEffects":true,"showParticleSystems":true},"in2DMode":false,"pivot":{"x":0.5656171441078186,"y":6.777887344360352,"z":-0.8881735801696777},"rotation":{"x":0.20631840825080872,"y":-0.616539716720581,"z":0.17180563509464265,"w":0.7401785850524902},"size":6.443115234375,"orthographic":false}