{"cameraMode":{"drawMode":0,"name":"Shaded","section":"Shading Mode"},"sceneLighting":true,"audioPlay":false,"sceneViewState":{"showFog":true,"showMaterialUpdate":false,"showSkybox":true,"showFlares":true,"showImageEffects":true,"showParticleSystems":true},"in2DMode":false,"pivot":{"x":-1.5458335876464844,"y":0.9049797058105469,"z":0.9340568780899048},"rotation":{"x":0.1705208718776703,"y":-0.6933693885803223,"z":0.1742936670780182,"w":0.678119421005249},"size":14.678483009338379,"orthographic":false}