{"cameraMode":{"drawMode":0,"name":"Shaded","section":"Shading Mode"},"sceneLighting":true,"audioPlay":false,"sceneViewState":{"showFog":true,"showMaterialUpdate":false,"showSkybox":true,"showFlares":true,"showImageEffects":true,"showParticleSystems":true},"in2DMode":false,"pivot":{"x":2.8027915954589845,"y":2.4087138175964357,"z":1.7758550643920899},"rotation":{"x":0.0940215140581131,"y":-0.20897473394870759,"z":0.02021271362900734,"w":0.9732563495635986},"size":2.1073949337005617,"orthographic":false}