{"cameraMode":{"drawMode":0,"name":"Shaded","section":"Shading Mode"},"sceneLighting":true,"audioPlay":false,"sceneViewState":{"showFog":true,"showMaterialUpdate":false,"showSkybox":true,"showFlares":true,"showImageEffects":true,"showParticleSystems":true},"in2DMode":false,"pivot":{"x":-0.4010343551635742,"y":1.6257460117340088,"z":0.6752393245697022},"rotation":{"x":0.10600688308477402,"y":-0.7718937397003174,"z":0.13351312279701234,"w":0.6125192046165466},"size":3.3073947429656984,"orthographic":false}